<?xml version="1.0" encoding="UTF-8"?>
<beans xmlns="http://www.springframework.org/schema/beans"
	xmlns:xsi="http://www.w3.org/2001/XMLSchema-instance"
	xmlns:jdbc="http://www.springframework.org/schema/jdbc"
	xmlns:tx="http://www.springframework.org/schema/tx"
	xmlns:mybatis-spring="http://mybatis.org/schema/mybatis-spring"
	xsi:schemaLocation="http://www.springframework.org/schema/jdbc http://www.springframework.org/schema/jdbc/spring-jdbc-4.3.xsd
		http://mybatis.org/schema/mybatis-spring http://mybatis.org/schema/mybatis-spring-1.2.xsd
		http://www.springframework.org/schema/beans https://www.springframework.org/schema/beans/spring-beans.xsd
		http://www.springframework.org/schema/tx http://www.springframework.org/schema/tx/spring-tx-4.3.xsd">
	
	<!-- Root Context: defines shared resources visible to all other web components -->
	
	<!-- HikariCP는 Mybatis가 접근 : 따라서 접근할 수 있는 참조변수(id)를 지정 -->
	<!-- HikariConfig가 구현체 -->
	<bean id="gosiHikariDBCP" class="com.zaxxer.hikari.HikariConfig">
		<property name="driverClassName" value="oracle.jdbc.driver.OracleDriver" />
		<property name="jdbcUrl" value="jdbc:oracle:thin:@192.168.0.42:1521:xe"/>
		<property name="username" value="POSDBA1"/>
		<property name="password" value="1234"/>
	</bean>
	
	<!-- DataSource -->
	<bean id="gosiHikariDataSource" class="com.zaxxer.hikari.HikariDataSource">
		<constructor-arg ref="gosiHikariDBCP" />
	</bean>
	
	<!-- ORM : mybatis -->
	<bean id="sessionFactory" class="org.mybatis.spring.SqlSessionFactoryBean">
		<property name="dataSource" ref="gosiHikariDataSource"/>
		<property name="mapperLocations" value="classpath:/icia/js/changyong/mapper/**/*.xml" />
	</bean>
	<!-- ORM : sessionFactory를 직접 접근하기 어려우니 Template이용 -->
	<bean id="mybatisSession" class="org.mybatis.spring.SqlSessionTemplate">
		<constructor-arg name="sqlSessionFactory" ref="sessionFactory" />
	</bean>
	
	<!-- Transaction(tx) -->
	<!-- JDBC의 TransactionManager가 필요함 -->
	<bean id="tran" class="org.springframework.jdbc.datasource.DataSourceTransactionManager">
		<property name="dataSource" ref="gosiHikariDataSource"/>
	</bean>
	<tx:annotation-driven/> <!-- annotation으로 transaction에 접근할 수 있는 driven -->
	<mybatis-spring:scan base-package="icia.js.changyong.mapper"/> <!-- myBatis annotaion을 scan할 수 있도록 -->
</beans>
